Cleaned_Text,category,Sentiment,"Sentiment_Score",SentimentScore
wow loved this place,1,positive,"0.39999999999999997",1.0
crust is not good,0,negative,"-0.35",-1.0
not tasty and the texture was just nasty,0,negative,"-1.0",-1.0
stopped by during the late may bank holiday off rick steve recommendation and loved it,1,positive,"0.19999999999999998",1.0
the selection on the menu was great and so were the prices,1,positive,"0.8",1.0
now i am getting angry and i want my damn pho,0,negative,"-0.5",-0.99
honeslty it didnt taste that fresh,0,negative,"0.3",-0.9299999999999999
the potatoes were like rubber and you could tell they had been made up ahead of time being kept under a warmer,0,neutral,"0.0",-0.019999999999999997
the fries were great too,1,positive,"0.8",1.0
a great touch,1,positive,"0.8",1.0
service was very prompt,1,positive,"0.2",1.0
would not go back,0,negative,"0.0",-0.95
the cashier had no care what so ever on what i had to say it still ended up being wayyy overpriced,0,negative,"0.0",-1.0
i tried the cape cod ravoli chickenwith cranberrymmmm,1,neutral,"0.0",0.0
i was disgusted because i was pretty sure that was human hair,0,negative,"-0.0625",-1.0
i was shocked because no signs indicate cash only,0,negative,"-0.35",-0.99
highly recommended,1,positive,"0.16",1.0
waitress was a little slow in service,0,negative,"-0.24375000000000002",-1.0
this place is not worth your time let alone vegas,0,negative,"-0.15",-0.99
did not like at all,0,negative,"0.0",-0.99
the burrittos blah,0,negative,"0.0",-0.49000000000000005
the food amazing,1,positive,"0.6000000000000001",1.0
service is also cute,1,positive,"0.5",1.0
i could care less the interior is just beautiful,1,positive,"0.3416666666666667",0.96
so they performed,1,neutral,"0.0",0.019999999999999997
thats rightthe red velvet cakeohhh this stuff is so good,1,positive,"0.35",1.0
they never brought a salad we asked for,0,negative,"0.0",-0.64
this hole in the wall has great mexican street tacos and friendly staff,1,positive,"0.39166666666666666",1.0
took an hour to get our food only tables in restaurant my food was luke warm our sever was running around like he was totally overwhelmed,0,negative,"0.19999999999999998",-0.75
the worst was the salmon sashimi,0,negative,"-1.0",-1.0
also there are combos like a burger fries and beer for which is a decent deal,1,positive,"0.16666666666666666",0.92
this was like the final blow,0,neutral,"0.0",-0.1
i found this place by accident and i could not be happier,1,negative,"0.0",-0.72
seems like a good quick place to grab a bite of some familiar pub food but do yourself a favor and look elsewhere,0,positive,"0.4694444444444444",0.95
overall i like this place a lot,1,positive,"0.0",1.0
the only redeeming quality of the restaurant was that it was very inexpensive,1,positive,"0.2333333333333333",0.8400000000000001
ample portions and good prices,1,positive,"0.7",1.0
poor service the waiter made me feel like i was stupid every time he came to the table,0,negative,"-0.6",-1.0
my first visit to hiro was a delight,1,positive,"0.25",0.99
service sucks,0,negative,"-0.3",-1.0
the shrimp tender and moist,1,neutral,"0.0",0.03
there is not a deal good enough that would drag me into that establishment again,0,negative,"0.19999999999999998",-1.0
hard to judge whether these sides were good because we were grossed out by the melted styrofoam and didnt want to eat it for fear of getting sick,0,negative,"-0.10198412698412701",-0.99
on a positive note our server was very attentive and provided great service,1,positive,"0.5157575757575757",1.0
frozen pucks of disgust with some of the worst people behind the register,0,negative,"-0.7",-1.0
the only thing i did like was the prime rib and dessert section,1,positive,"0.0",0.42000000000000004
its too bad the food is so damn generic,0,negative,"-0.3499999999999999",-1.0
the burger is good beef cooked just right,1,positive,"0.4928571428571428",1.0
if you want a sandwich just go to any firehouse,1,neutral,"0.0",0.04
my side greek salad with the greek dressing was so tasty and the pita and hummus was very refreshing,1,positive,"0.21666666666666667",1.0
we ordered the duck rare and it was pink and tender on the inside with a nice char on the outside,1,positive,"0.19999999999999998",1.0
he came running after us when he realized my husband had left his sunglasses on the table,1,neutral,"0.0",-0.14
their chow mein is so good,1,positive,"0.7",1.0
they have horrible attitudes towards customers and talk down to each one when customers dont enjoy their food,0,negative,"-0.2518518518518518",-1.0
the portion was huge,1,neutral,"0.39999999999999997",-0.32999999999999996
loved itfriendly servers great food wonderful and imaginative menu,1,positive,"0.775",1.0
the heart attack grill in downtown vegas is an absolutely flatlined excuse for a restaurant,0,negative,"0.07500000000000001",-0.79
not much seafood and like strings of pasta at the bottom,0,negative,"-0.1",-0.69
the salad had just the right amount of sauce to not over power the scallop which was perfectly cooked,1,positive,"0.6428571428571428",1.0
the ripped banana was not only ripped but petrified and tasteless,0,negative,"-0.3",-1.0
at least think to refill my water before i struggle to wave you over for minutes,0,negative,"-0.3",-0.94
this place receives stars for their appetizers,1,positive,"0.0",0.6900000000000001
the cocktails are all handmade and delicious,1,positive,"1.0",1.0
wed definitely go back here again,1,neutral,"0.0",0.4
we are so glad we found this place,1,positive,"0.5",1.0
great food and service huge portions and they give a military discount,1,positive,"0.36666666666666664",1.0
always a great time at dos gringos,1,positive,"0.8",1.0
updatewent back for a second time and it was still just as amazing,1,positive,"0.20000000000000004",1.0
we got the food and apparently they have never heard of salt and the batter on the fish was chewy,0,negative,"0.05",-0.99
a great way to finish a great,1,positive,"0.8",1.0
the deal included tastings and drinks and jeff went above and beyond what we expected,1,positive,"-0.05",0.9199999999999999
really really good rice all the time,1,positive,"0.7",1.0
the service was meh,0,negative,"0.0",-0.5599999999999999
it took over min to get their milkshake which was nothing more than chocolate milk,0,negative,"0.5",-0.7
i guess i should have known that this place would suck because it is inside of the excalibur but i didnt use my common sense,0,negative,"-0.3",-0.87
the scallop dish is quite appalling for value as well,0,negative,"-0.35",-1.0
times very bad customer service,0,negative,"-0.9099999999999998",-1.0
the sweet potato fries were very good and seasoned well,1,positive,"0.5033333333333333",1.0
today is the second time ive been to their lunch buffet and it was pretty good,1,positive,"0.31666666666666665",1.0
there is so much good food in vegas that i feel cheated for wasting an eating opportunity by going to rice and company,0,negative,"0.7",-0.43999999999999995
coming here is like experiencing an underwhelming relationship where both parties cant wait for the other person to ask to break up,0,negative,"-0.125",-0.5
walked in and the place smelled like an old grease trap and only others there eating,0,negative,"0.05",-0.99
the turkey and roast beef were bland,0,negative,"-0.16666666666666666",-0.91
this place has it,1,neutral,"0.0",0.33999999999999997
the pan cakes everyone are raving about taste like a sugary disaster tailored to the palate of a six year old,0,negative,"0.1",-0.99
i love the pho and the spring rolls oh so yummy you have to try,1,positive,"0.5",1.0
the poor batter to meat ratio made the chicken tenders very unsatisfying,0,negative,"-0.26666666666666666",-1.0
all i have to say is the food was amazing,1,positive,"0.6000000000000001",1.0
omelets are to die for,1,negative,"0.0",-0.98
everything was fresh and delicious,1,positive,"0.65",1.0
in summary this was a largely disappointing dining experience,0,negative,"-0.6",-1.0
its like a really sexy party in your mouth where youre outrageously flirting with the hottest person at the party,1,positive,"-0.25",0.35
never been to hard rock casino before will never ever step forward in it again,0,negative,"-0.2916666666666667",-0.66
best breakfast buffet,1,positive,"1.0",1.0
say bye bye to your tip lady,0,neutral,"0.0",0.12000000000000001
well never go again,0,negative,"0.0",-0.6799999999999999
will be back again,1,neutral,"0.0",0.049999999999999996
food arrived quickly,1,positive,"0.3333333333333333",1.0
it was not good,0,negative,"-0.35",-1.0
on the up side their cafe serves really good food,1,positive,"0.7",1.0
our server was fantastic and when he found out the wife loves roasted garlic and bone marrow he added extra to our meal and another marrow to go,1,positive,"0.2",1.0
the only good thing was our waiter he was very helpful and kept the bloddy marys coming,1,positive,"0.3",0.97
best buffet in town for the price you cannot beat it,1,positive,"1.0",1.0
i loved their mussels cooked in this wine reduction the duck was tender and their potato dishes were delicious,1,positive,"0.85",1.0
this is one of the better buffets that i have been to,1,positive,"0.5",1.0
so we went to tigerlilly and had a fantastic afternoon,1,positive,"0.4",1.0
the food was delicious our bartender was attentive and personable and we got a great deal,1,positive,"0.7333333333333334",1.0
the ambience is wonderful and there is music playing,1,positive,"1.0",1.0
will go back next trip out,1,neutral,"0.0",0.1
sooooo good,1,positive,"0.7",1.0
real sushi lovers lets be honest yama is not that good,0,negative,"0.5",-0.78
at least min passed in between us ordering and the food arriving and it wasnt that busy,0,negative,"-0.09999999999999999",-0.6799999999999999
this is a really fantastic thai restaurant which is definitely worth a visit,1,positive,"0.35",1.0
nice spicy and tender,1,positive,"0.6",1.0
good prices,1,positive,"0.7",1.0
check it out,1,neutral,"0.0",0.13999999999999999
it was pretty gross,0,negative,"0.125",-0.15000000000000002
ive had better atmosphere,0,positive,"0.5",0.98
kind of hard to mess up a steak but they did,0,negative,"0.04444444444444443",-0.96
although i very much liked the look and sound of this place the actual experience was a bit disappointing,0,negative,"0.1",-0.99
i just dont know how this place managed to served the blandest food i have ever eaten when they are preparing indian cuisine,0,negative,"0.0",-0.99
worst service to boot but that is the least of their worries,0,negative,"-0.65",-1.0
service was fine and the waitress was friendly,1,positive,"0.39583333333333337",1.0
the guys all had steaks and our steak loving son who has had steak at the best and worst places said it was the best steak hes ever eaten,1,positive,"0.4",0.54
we thought youd have to venture further away to get good sushi but this place really hit the spot that night,1,positive,"0.3",0.9
host staff were for lack of a better word bitches,0,negative,"0.5",-0.99
bland not a liking this place for a number of reasons and i dont want to waste time on bad reviewing ill leave it at that,0,negative,"-0.3916666666666666",-0.97
phenomenal food service and ambiance,1,positive,"0.5",1.0
i wouldnt return,0,negative,"0.0",-0.87
definitely worth venturing off the strip for the pork belly will return next time im in vegas,1,positive,"0.15",0.5299999999999999
this place is way too overpriced for mediocre food,0,negative,"-0.5",-1.0
penne vodka excellent,1,positive,"1.0",1.0
they have a good selection of food including a massive meatloaf sandwich a crispy chicken wrap a delish tuna melt and some tasty burgers,1,positive,"0.033333333333333326",1.0
the management is rude,0,negative,"-0.3",-1.0
delicious nyc bagels good selections of cream cheese real lox with capers even,1,positive,"0.6333333333333333",1.0
great subway in fact its so good when you come here every other subway will not meet your expectations,1,positive,"0.4583333333333333",1.0
i had a seriously solid breakfast here,1,positive,"0.0",0.6699999999999999
this is one of the best bars with food in vegas,1,positive,"1.0",1.0
he was extremely rude and really there are so many other restaurants i would love to dine at during a weekend in vegas,0,negative,"0.155",-0.5800000000000001
my drink was never empty and he made some really great menu suggestions,1,positive,"0.42500000000000004",0.99
dont do it,0,negative,"0.0",-0.71
the waiter wasnt helpful or friendly and rarely checked on us,0,negative,"0.3375",-1.0
my husband and i ate lunch here and were very disappointed with the food and service,0,negative,"-0.9750000000000001",-1.0
and the red curry had so much bamboo shoots and wasnt very tasty to me,0,negative,"0.13333333333333333",-0.99
nice blanket of moz over top but i feel like this was done to cover up the subpar food,1,negative,"0.55",-0.78
the bathrooms are clean and the place itself is well decorated,1,positive,"0.3666666666666667",0.99
the menu is always changing food quality is going down service is extremely slow,0,negative,"-0.2277777777777778",-1.0
the service was a little slow considering that were served by people servers so the food was coming in a slow pace,0,negative,"-0.2625",-1.0
i give it thumbs down,0,neutral,"-0.15555555555555556",0.0
we watched our waiter pay a lot more attention to other tables and ignore us,0,negative,"0.1875",-0.82
my fianc√© and i came in the middle of the day and we were greeted and seated right away,1,neutral,"0.14285714285714285",0.16999999999999998
this is a great restaurant at the mandalay bay,1,positive,"0.8",1.0
we waited for forty five minutes in vain,0,negative,"0.0",-0.98
crostini that came with the salad was stale,0,negative,"-0.5",-0.97
some highlights great quality nigiri here,1,positive,"0.8",1.0
the staff is friendly and the joint is always clean,1,positive,"0.37083333333333335",0.99
this was a different cut than the piece the other day but still wonderful and tender s well as well flavored,1,positive,"0.2916666666666667",1.0
i ordered the voodoo pasta and it was the first time id had really excellent pasta since going gluten free several years ago,1,positive,"0.4125",1.0
this place is good,1,positive,"0.7",1.0
unfortunately we must have hit the bakery on leftover day because everything we ordered was stale,0,negative,"-0.5",-1.0
i came back today since they relocated and still not impressed,0,negative,"-0.25",-1.0
i was seated immediately,1,neutral,"0.0",0.0
their menu is diverse and reasonably priced,1,positive,"0.2",0.94
avoid at all cost,0,negative,"0.0",-0.97
restaurant is always full but never a wait,1,positive,"0.35",0.49
delicious,1,positive,"1.0",1.0
this place is handsdown one of the best places to eat in the phoenix metro area,1,positive,"1.0",1.0
so dont go there if you are looking for good food,0,positive,"0.7",0.8200000000000001
ive never been treated so bad,0,negative,"-0.6999999999999998",-0.98
bacon is hella salty,1,neutral,"0.0",0.05
we also ordered the spinach and avocado salad the ingredients were sad and the dressing literally had zero taste,0,negative,"-0.5",-1.0
this really is how vegas fine dining used to be right down to the menus handed to the ladies that have no prices listed,1,positive,"0.1867063492063492",0.86
the waitresses are very friendly,1,positive,"0.48750000000000004",0.97
lordy the khao soi is a dish that is not to be missed for curry lovers,1,positive,"0.0",0.9
everything on the menu is terrific and we were also thrilled that they made amazing accommodations for our vegetarian daughter,1,positive,"0.4000000000000001",1.0
perhaps i caught them on an off night judging by the other reviews but im not inspired to go back,0,negative,"-0.0625",-0.94
the service here leaves a lot to be desired,0,negative,"0.0",-0.9099999999999999
the atmosphere is modern and hip while maintaining a touch of coziness,1,positive,"0.2",0.83
not a weekly haunt but definitely a place to come back to every once in a while,1,neutral,"0.0",0.09
we literally sat there for minutes with no one asking to take our order,0,neutral,"0.0",-0.13999999999999999
the burger had absolutely no flavor the meat itself was totally bland the burger was overcooked and there was no charcoal flavor,0,negative,"-0.13333333333333333",-1.0
i also decided not to send it back because our waitress looked like she was on the verge of having a heart attack,0,negative,"0.0",-0.94
i dressed up to be treated so rudely,0,negative,"-0.3",-0.99
it was probably dirt,0,neutral,"0.0",-0.06
love this place hits the spot when i want something healthy but not lacking in quantity or flavor,1,positive,"0.5",1.0
i ordered the lemon raspberry ice cocktail which was also incredible,1,positive,"0.9",1.0
the food sucked which we expected but it sucked more than we could have imagined,0,negative,"0.2",-1.0
interesting decor,1,positive,"0.5",1.0
what i really like there is the crepe station,1,neutral,"0.2",0.23000000000000004
also were served hot bread and butter and home made potato chips with bacon bits on topvery original and very good,1,positive,"0.5116666666666666",1.0
you can watch them preparing the delicious food,1,positive,"1.0",1.0
both of the egg rolls were fantastic,1,positive,"0.4",1.0
when my order arrived one of the gyros was missing,0,negative,"-0.2",-0.98
i had a salad with the wings and some ice cream for dessert and left feeling quite satisfied,1,positive,"0.25",1.0
im not really sure how joeys was voted best hot dog in the valley by readers of phoenix magazine,0,positive,"0.3333333333333333",0.6499999999999999
the best place to go for a tasty bowl of pho,1,positive,"1.0",1.0
the live music on fridays totally blows,0,positive,"0.06818181818181818",0.9
ive never been more insulted or felt disrespected,0,negative,"0.5",-0.99
very friendly staff,1,positive,"0.48750000000000004",1.0
it is worth the drive,1,positive,"0.3",0.84
i had heard good things about this place but it exceeding every hope i could have dreamed of,1,positive,"0.7",0.97
food was great and so was the serivce,1,positive,"0.8",1.0
the warm beer didnt help,0,negative,"0.6",-1.0
great brunch spot,1,positive,"0.8",1.0
service is friendly and inviting,1,positive,"0.375",1.0
very good lunch spot,1,positive,"0.9099999999999999",1.0
ive lived here since and this was the first and last time ive stepped foot into this place,0,neutral,"0.125",0.020000000000000004
the worst experience ever,0,negative,"-1.0",-1.0
must have been an off night at this place,0,negative,"0.0",-0.39999999999999997
the sides are delish mixed mushrooms yukon gold puree white corn beateous,1,positive,"0.0",0.58
if that bug never showed up i would have given a for sure but on the other side of the wall where this bug was climbing was the kitchen,0,negative,"0.1875",-0.83
for about minutes we were waiting for her salad when we realized that it wasnt coming any time soon,0,negative,"0.0",-0.74
my friend loved the salmon tartar,1,positive,"0.7",1.0
wont go back,0,negative,"0.0",-0.86
extremely tasty,1,positive,"-0.125",1.0
waitress was good though,1,positive,"0.7",1.0
soggy and not good,0,negative,"-0.35",-1.0
the jamaican mojitos are delicious,1,positive,"1.0",1.0
which are small and not worth the price,0,negative,"-0.2",-1.0
the food is rich so order accordingly,1,positive,"0.375",0.59
the shower area is outside so you can only rinse not take a full shower unless you dont mind being nude for everyone to see,0,neutral,"0.11666666666666665",-0.10000000000000003
the service was a bit lacking,0,negative,"0.0",-1.0
lobster bisque bussell sprouts risotto filet all needed salt and pepperand of course there is none at the tables,0,neutral,"0.0",-0.01
hopefully this bodes for them going out of business and someone who can cook can come in,0,positive,"0.0",0.97
it was either too cold not enough flavor or just bad,0,negative,"-0.4333333333333333",-1.0
i loved the bacon wrapped dates,1,positive,"0.7",1.0
this is an unbelievable bargain,1,positive,"-0.25",0.8300000000000001
the folks at otto always make us feel so welcome and special,1,positive,"0.5785714285714286",1.0
as for the mains also uninspired,0,negative,"-0.5",-0.91
this is the place where i first had pho and it was amazing,1,positive,"0.42500000000000004",1.0
this wonderful experience made this place a muststop whenever we are in town again,1,positive,"1.0",1.0
if the food isnt bad enough for you then enjoy dealing with the worlds worstannoying drunk people,0,negative,"-0.19999999999999996",-0.8200000000000001
very very fun chef,1,positive,"0.39",1.0
ordered a double cheeseburger got a single patty that was falling apart picture uploaded yeah still sucks,0,negative,"-0.12380952380952381",-1.0
great place to have a couple drinks and watch any and all sporting events as the walls are covered with tvs,1,positive,"0.8",1.0
if it were possible to give them zero stars theyd have it,0,negative,"0.0",-0.95
the descriptions said yum yum sauce and another said eel sauce yet another said spicy mayowell none of the rolls had sauces on them,0,negative,"0.0",-0.43999999999999995
id say that would be the hardest decision honestly all of ms dishes taste how they are supposed to taste amazing,1,positive,"0.6000000000000001",0.37000000000000005
if she had not rolled the eyes we may have stayed not sure if we will go back and try it again,0,neutral,"-0.125",-0.09
everyone is very attentive providing excellent customer service,1,positive,"0.76",1.0
horrible dont waste your time and money,0,negative,"-0.6",-0.99
now this dish was quite flavourful,1,positive,"0.0",0.91
by this time our side of the restaurant was almost empty so there was no excuse,0,negative,"-0.037500000000000006",-0.94
it wasnt busy either also the building was freezing cold,0,negative,"-0.25",-0.95
like the other reviewer said you couldnt pay me to eat at this place again,0,negative,"-0.125",-0.19
drinks took close to minutes to come out at one point,0,neutral,"0.0",-0.08000000000000002
seriously flavorful delights folks,1,positive,"-0.3333333333333333",1.0
much better than the other ayce sushi place i went to in vegas,1,positive,"0.1875",1.0
the lighting is just dark enough to set the mood,1,neutral,"-0.075",0.0
based on the subpar service i received and no effort to show their gratitude for my business i wont be going back,0,negative,"0.0",-0.99
owners are really great people,1,positive,"0.8",1.0
there is nothing privileged about workingeating there,0,negative,"0.0",-0.71
the greek dressing was very creamy and flavorful,1,positive,"0.1",0.94
overall i dont think that i would take my parents to this place again because they made most of the similar complaints that i silently felt too,0,negative,"0.125",-0.96
now the pizza itself was good the peanut sauce was very tasty,1,positive,"0.44999999999999996",1.0
we had at our table and the service was pretty fast,1,positive,"0.225",0.99
fantastic service here,1,positive,"0.4",1.0
i as well wouldve given godfathers zero stars if possible,0,negative,"0.0",-0.9299999999999999
they know how to make them here,1,neutral,"0.0",0.049999999999999996
very tough and very short on flavor,0,negative,"-0.25277777777777777",-1.0
i hope this place sticks around,1,positive,"0.0",0.92
i have been in more than a few bars in vegas and do not ever recall being charged for tap water,0,neutral,"0.15",-0.12000000000000001
the restaurant atmosphere was exquisite,1,positive,"1.0",1.0
good service very clean and inexpensive to boot,1,positive,"0.5883333333333334",1.0
the seafood was fresh and generous in portion,1,positive,"0.3",1.0
plus its only bucks,1,neutral,"0.0",0.0
the service was not up to par either,0,negative,"0.0",-1.0
thus far have only visited twice and the food was absolutely delicious each time,1,positive,"0.3666666666666667",1.0
just as good as when i had it more than a year ago,1,positive,"0.6",1.0
for a self proclaimed coffee cafe i was wildly disappointed,0,negative,"-0.75",-1.0
the veggitarian platter is out of this world,1,neutral,"0.0",-0.13
you cant go wrong with any of the food here,1,positive,"-0.5",0.97
you cant beat that,1,neutral,"0.0",0.27
stopped by this place while in madison for the ironman very friendly kind staff,1,positive,"0.54375",1.0
the chefs were friendly and did a good job,1,positive,"0.5375",1.0
ive had better not only from dedicated boba tea spots but even from jenni pho,0,positive,"0.25",0.94
i liked the patio and the service was outstanding,1,positive,"0.55",1.0
the goat taco didnt skimp on the meat and wow what flavor,1,positive,"0.1",0.97
i think not again,0,neutral,"0.0",-0.25
i had the mac salad and it was pretty bland so i will not be getting that again,0,negative,"0.04166666666666667",-0.88
i went to bachi burger on a friends recommendation and was not disappointed,1,positive,"0.375",0.96
service stinks here,0,negative,"-0.6",-0.98
i waited and waited,0,neutral,"0.0",0.020000000000000004
this place is not quality sushi it is not a quality restaurant,0,negative,"0.0",-1.0
i would definitely recommend the wings as well as the pizza,1,positive,"0.0",0.98
great pizza and salads,1,positive,"0.8",1.0
things that went wrong they burned the saganaki,0,negative,"-0.5",-0.99
we waited an hour for what was a breakfast i could have done times better at home,0,negative,"0.5",-0.38000000000000006
this place is amazing,1,positive,"0.6000000000000001",1.0
i hate to disagree with my fellow yelpers but my husband and i were so disappointed with this place,0,negative,"-0.775",-1.0
waited hours never got either of our pizzas as many other around us who came in later did,0,negative,"0.125",-0.84
just dont know why they were so slow,0,negative,"-0.30000000000000004",-0.82
the staff is great the food is delish and they have an incredible beer selection,1,positive,"0.8500000000000001",1.0
i live in the neighborhood so i am disappointed i wont be back here because it is a convenient location,0,negative,"-0.20454545454545456",-1.0
i didnt know pulled pork could be soooo delicious,1,positive,"1.0",1.0
you get incredibly fresh fish prepared with care,1,positive,"0.3",0.98
before i go in to why i gave a star rating please know that this was my third time eating at bachi burger before writing a review,0,negative,"0.0",-0.9299999999999999
i love the fact that everything on their menu is worth it,1,positive,"0.4",1.0
never again will i be dining at this place,0,negative,"0.0",-0.62
the food was excellent and service was very good,1,positive,"0.955",1.0
good beer drink selection and good food selection,1,positive,"0.7",1.0
please stay away from the shrimp stir fried noodles,0,neutral,"0.0",-0.060000000000000005
the potato chip order was sad i could probably count how many chips were in that box and it was probably around,0,negative,"0.0",-1.0
food was really boring,0,negative,"-1.0",-1.0
good servicecheck,1,positive,"0.7",1.0
this greedy corporation will never see another dime from me,0,negative,"0.0",-0.99
will never ever go back,0,neutral,"0.0",-0.43000000000000005
as much as id like to go back i cant get passed the atrocious service and will never return,0,negative,"-0.16666666666666666",-0.98
in the summer you can dine in a charming outdoor patio so very delightful,1,positive,"0.85",1.0
i did not expect this to be so good,1,negative,"0.7",-0.20999999999999996
fantastic food,1,positive,"0.4",1.0
she ordered a toasted english muffin that came out untoasted,0,negative,"0.0",-0.55
the food was very good,1,positive,"0.9099999999999999",1.0
never going back,0,negative,"0.0",-0.65
great food for the price which is very high quality and house made,1,positive,"0.504",1.0
the bus boy on the other hand was so rude,0,negative,"-0.2125",-1.0
by this point my friends and i had basically figured out this place was a joke and didnt mind making it publicly and loudly known,0,negative,"0.05",-0.26
back to good bbq lighter fare reasonable pricing and tell the public they are back to the old ways,1,positive,"0.16666666666666666",0.99
and considering the two of us left there very full and happy for about you just cant go wrong,1,positive,"0.18874999999999997",0.9199999999999999
all the bread is made inhouse,1,neutral,"0.0",0.05
the only downside is the service,0,negative,"0.0",-0.83
also the fries are without a doubt the worst fries ive ever had,0,negative,"-1.0",-1.0
service was exceptional and food was a good as all the reviews,1,positive,"0.6833333333333333",1.0
a couple of months later i returned and had an amazing meal,1,positive,"0.30000000000000004",1.0
favorite place in town for shawarrrrrrma,1,positive,"0.5",0.99
the black eyed peas and sweet potatoes unreal,1,positive,"0.09166666666666666",0.3
you wont be disappointed,1,positive,"-0.75",0.86
they could serve it with just the vinaigrette and it may make for a better overall dish but it was still very good,1,positive,"0.47",1.0
i go to far too many places and ive never seen any restaurant that serves a egg breakfast especially for,0,negative,"0.19999999999999998",-0.7
when my mom and i got home she immediately got sick and she only had a few bites of salad,0,negative,"-0.3047619047619048",-0.94
the servers are not pleasant to deal with and they dont always honor pizza hut coupons,0,negative,"-0.3666666666666667",-1.0
both of them were truly unbelievably good and i am so glad we went back,1,positive,"0.39999999999999997",1.0
we had fantastic service and were pleased by the atmosphere,1,positive,"0.45",1.0
everything was gross,0,negative,"0.0",-0.9299999999999999
i love this place,1,positive,"0.5",1.0
great service and food,1,positive,"0.8",1.0
first the bathrooms at this location were dirty seat covers were not replenished just plain yucky,0,negative,"-0.1880952380952381",-1.0
the burger i got the gold standard a burger and was kind of disappointed,0,negative,"-0.05000000000000001",-1.0
omg the food was delicioso,1,positive,"0.0",1.0
there is nothing authentic about this place,0,negative,"0.5",-0.96
the spaghetti is nothing special whatsoever,0,neutral,"0.35714285714285715",-0.24
of all the dishes the salmon was the best but all were great,1,positive,"0.9",1.0
the vegetables are so fresh and the sauce feels like authentic thai,1,positive,"0.4",0.99
its worth driving up from tucson,1,positive,"0.3",0.84
the selection was probably the worst ive seen in vegasthere was none,0,negative,"-1.0",-1.0
pretty good beer selection too,1,positive,"0.475",1.0
this place is like chipotle but better,1,positive,"0.5",0.99
classywarm atmosphere fun and fresh appetizers succulent steaks baseball steak,1,positive,"0.3",0.98
stars for the brick oven bread app,1,positive,"0.0",0.89
i have eaten here multiple times and each time the food was delicious,1,positive,"0.5",1.0
we sat another ten minutes and finally gave up and left,0,negative,"0.0",-0.97
he was terrible,0,negative,"-1.0",-0.98
everyone is treated equally special,1,neutral,"0.35714285714285715",0.14
it shouldnt take min for pancakes and eggs,0,neutral,"0.0",-0.16
it was delicious,1,positive,"1.0",1.0
on the good side the staff was genuinely pleasant and enthusiastic a real treat,1,positive,"0.5583333333333333",1.0
sadly gordon ramseys steak is a place we shall sharply avoid during our next trip to vegas,0,negative,"-0.20833333333333334",-1.0
as always the evening was wonderful and the food delicious,1,positive,"1.0",1.0
best fish ive ever had in my life,1,positive,"1.0",1.0
the bathroom is just next door and very nice,1,positive,"0.39",0.99
the buffet is small and all the food they offered was bland,0,negative,"-0.20833333333333331",-0.99
this is an outstanding little restaurant with some of the best food i have ever tasted,1,positive,"0.4375",1.0
pretty cool i would say,1,positive,"0.3",1.0
definitely a turn off for me i doubt ill be back unless someone else is buying,0,negative,"-0.16666666666666666",-0.98
server did a great job handling our large rowdy table,1,positive,"0.5071428571428571",1.0
i find wasting food to be despicable but this just wasnt food,0,negative,"0.0",-1.0
my wife had the lobster bisque soup which was lukewarm,0,neutral,"0.0",-0.06999999999999999
would come back again if i had a sushi craving while in vegas,1,neutral,"0.0",0.41000000000000003
the staff are great the ambiance is great,1,positive,"0.8",1.0
he deserves stars,1,positive,"0.0",0.8400000000000001
i left with a stomach ache and felt sick the rest of the day,0,negative,"-0.35714285714285715",-0.99
they dropped more than the ball,0,neutral,"0.5",-0.32
the dining space is tiny but elegantly decorated and comfortable,1,positive,"0.3",1.0
they will customize your order any way youd like my usual is eggplant with green bean stir fry love it,1,positive,"0.016666666666666663",1.0
and the beans and rice were mediocre at best,0,negative,"0.25",-0.99
best tacos in town by far,1,positive,"0.55",1.0
i took back my money and got outta there,0,neutral,"0.0",-0.45999999999999996
in an interesting part of town this place is amazing,1,positive,"0.55",1.0
rude inconsiderate management,0,negative,"-0.3",-1.0
the staff are now not as friendly the wait times for being served are horrible no one even says hi for the first minutes,0,negative,"-0.125",-1.0
i wont be back,0,negative,"0.0",-0.59
they have great dinners,1,positive,"0.8",1.0
the service was outshining i definitely recommend the halibut,1,positive,"0.0",0.98
the food was terrible,0,negative,"-1.0",-1.0
will never ever go back and have told many people what had happened,0,neutral,"0.25",-0.35
i dont recommend unless your car breaks down in front of it and you are starving,0,negative,"-0.15555555555555556",-1.0
i will come back here every time im in vegas,1,neutral,"0.0",0.019999999999999997
this place deserves one star and has to do with the food,0,negative,"0.0",-0.08000000000000002
this is a disgrace,0,negative,"0.0",-1.0
def coming back to bowl next time,1,neutral,"0.0",0.0
if you want healthy authentic or ethic food try this place,1,positive,"0.5",1.0
i will continue to come here on ladies night andddd date night highly recommend this place to anyone who is in the area,1,positive,"0.16",1.0
i have been here several times in the past and the experience has always been great,1,positive,"0.18333333333333335",1.0
we walked away stuffed and happy about our first vegas buffet experience,1,positive,"0.525",0.99
service was excellent and prices are pretty reasonable considering this is vegas and located inside the crystals shopping mall by aria,1,positive,"0.48333333333333334",1.0
to summarize the food was incredible nay transcendant but nothing brings me joy quite like the memory of the pneumatic condiment dispenser,1,positive,"0.8500000000000001",0.78
im probably one of the few people to ever go to ians and not like it,0,neutral,"-0.2",-0.25
kids pizza is always a hit too with lots of great side dish options for the kiddos,1,positive,"0.8",1.0
service is perfect and the family atmosphere is nice to see,1,positive,"0.8",1.0
cooked to perfection and the service was impeccable,1,positive,"0.75",1.0
this one is simply a disappointment,0,negative,"-0.6",-1.0
overall i was very disappointed with the quality of food at bouchon,0,negative,"-0.48750000000000004",-1.0
i dont have to be an accountant to know im getting screwed,0,negative,"0.0",-0.97
great place to eat reminds me of the little mom and pop shops in the san francisco bay area,1,positive,"0.30625",1.0
today was my first taste of a buldogis gourmet hot dog and i have to tell you it was more than i ever thought possible,1,positive,"0.25",0.71
left very frustrated,0,negative,"-0.45499999999999996",-1.0
ill definitely be in soon again,1,neutral,"-0.25",0.30000000000000004
food was really good and i got full petty fast,1,positive,"0.4166666666666666",1.0
service was fantastic,1,positive,"0.4",1.0
total waste of time,0,negative,"-0.1",-1.0
i dont know what kind it is but they have the best iced tea,1,positive,"0.8",1.0
come hungry leave happy and stuffed,1,positive,"0.8",0.94
for service i give them no stars,0,negative,"0.0",-0.79
i can assure you that you wont be disappointed,1,positive,"-0.75",0.9099999999999999
i can take a little bad service but the food sucks,0,negative,"-0.39583333333333326",-1.0
gave up trying to eat any of the crust teeth still sore,0,negative,"0.0",-0.99
but now i was completely grossed out,0,negative,"0.1",-0.66
i really enjoyed eating here,1,positive,"0.5",1.0
first time going but i think i will quickly become a regular,1,neutral,"0.19444444444444442",0.13999999999999999
our server was very nice and even though he looked a little overwhelmed with all of our needs he stayed professional and friendly until the end,1,positive,"0.266875",0.99
from what my dinner companions told meeverything was very fresh with nice texture and taste,1,positive,"0.495",1.0
on the ground right next to our table was a large smeared beensteppedinandtrackedeverywhere pile of green bird poop,0,negative,"0.075",-0.97
furthermore you cant even find hours of operation on the website,0,negative,"0.0",-0.5
weve tried to like this place but after times i think were done with them,0,positive,"0.0",0.55
what a mistake that was,0,negative,"0.0",-0.92
no complaints,1,positive,"0.0",0.99
this is some seriously good pizza and im an expertconnisseur on the topic,1,positive,"0.7",1.0
waiter was a jerk,0,negative,"0.0",-0.52
strike who wants to be rushed,0,neutral,"0.2",-0.19
these are the nicest restaurant owners ive ever come across,1,positive,"0.0",1.0
i never come again,0,negative,"0.0",-0.66
we loved the biscuits,1,positive,"0.7",1.0
service is quick and friendly,1,positive,"0.35416666666666663",1.0
ordered an appetizer and took minutes and then the pizza another minutes,0,neutral,"0.0",0.0
so absolutley fantastic,1,positive,"0.4",1.0
it was a huge awkward lb piece of cow that was ths gristle and fat,0,negative,"-0.11111111111111112",-1.0
definitely will come back here again,1,positive,"0.0",0.83
i like steiners because its dark and it feels like a bar,1,positive,"-0.15",0.99
wow very spicy but delicious,1,positive,"0.43333333333333335",1.0
if youre not familiar check it out,1,neutral,"-0.1875",-0.09999999999999999
ill take my business dinner dollars elsewhere,0,neutral,"-0.5",-0.030000000000000006
id love to go back,1,positive,"0.25",1.0
anyway this fs restaurant has a wonderful breakfastlunch,1,positive,"1.0",1.0
nothing special,0,negative,"0.35714285714285715",-0.47
each day of the week they have a different deal and its all so delicious,1,positive,"0.5",1.0
not to mention the combination of pears almonds and bacon is a big winner,1,positive,"0.0",0.96
will not be back,0,negative,"0.0",-0.8
sauce was tasteless,0,negative,"-0.6",-0.99
the food is delicious and just spicy enough so be sure to ask for spicier if you prefer it that way,1,positive,"0.5",1.0
my ribeye steak was cooked perfectly and had great mesquite flavor,1,positive,"0.9",1.0
i dont think well be going back anytime soon,0,negative,"0.0",-0.77
food was so gooodd,1,positive,"0.0",0.13999999999999996
i am far from a sushi connoisseur but i can definitely tell the difference between good food and bad food and this was certainly bad food,0,negative,"-0.11999999999999995",-1.0
i was so insulted,0,negative,"0.0",-0.99
the last times i had lunch here has been bad,0,negative,"-0.3499999999999999",-0.99
the chicken wings contained the driest chicken meat i have ever eaten,0,neutral,"-0.6",-0.07
the food was very good and i enjoyed every mouthful an enjoyable relaxed venue for couples small family groups etc,1,positive,"0.415",1.0
nargile i think you are great,1,positive,"0.8",0.98
best tater tots in the southwest,1,positive,"1.0",1.0
we loved the place,1,positive,"0.7",1.0
definitely not worth the i paid,0,negative,"-0.15",-1.0
the vanilla ice cream was creamy and smooth while the profiterole choux pastry was fresh enough,1,positive,"0.2333333333333333",0.89
im in az all the time and now have my new spot,1,neutral,"0.13636363636363635",0.45999999999999996
the manager was the worst,0,negative,"-1.0",-1.0
the inside is really quite nice and very clean,1,positive,"0.42555555555555563",1.0
the food was outstanding and the prices were very reasonable,1,positive,"0.38",1.0
i dont think ill be running back to carlys anytime soon for food,0,negative,"-0.25",-0.63
this is was due to the fact that it took minutes to be acknowledged then another minutes to get our foodand they kept forgetting things,0,negative,"-0.125",-0.89
love the margaritas too,1,positive,"0.5",1.0
this was my first and only vegas buffet and it did not disappoint,1,positive,"0.125",0.94
very good though,1,positive,"0.9099999999999999",1.0
the one down note is the ventilation could use some upgrading,0,neutral,"-0.15555555555555556",0.01
great pork sandwich,1,positive,"0.8",1.0
dont waste your time here,0,negative,"-0.2",-0.27
total letdown i would much rather just go to the camelback flower shop and cartel coffee,0,negative,"0.1",-0.98
third the cheese on my friends burger was cold,0,neutral,"-0.3",-0.16
we enjoy their pizza and brunch,1,positive,"0.4",1.0
the steaks are all well trimmed and also perfectly cooked,1,positive,"1.0",1.0
we had a group of when we claimed we would only have and they handled us beautifully,1,positive,"0.425",0.99
i loved it,1,positive,"0.7",1.0
we asked for the bill to leave without eating and they didnt bring that either,0,neutral,"0.0",-0.43
this place is a jewel in las vegas and exactly what ive been hoping to find in nearly ten years living here,1,positive,"0.125",0.98
seafood was limited to boiled shrimp and crab legs but the crab legs definitely did not taste fresh,0,negative,"0.07619047619047618",-1.0
the selection of food was not the best,0,negative,"1.0",-1.0
delicious and i will absolutely be back,1,positive,"0.5",1.0
this isnt a small family restaurant this is a fine dining establishment,1,positive,"0.08333333333333334",0.94
they had a toro tartare with a cavier that was extraordinary and i liked the thinly sliced wagyu with white truffle,1,positive,"0.13333333333333333",0.99
i dont think i will be back for a very long time,0,negative,"-0.0325",-0.58
it was attached to a gas station and that is rarely a good sign,0,negative,"0.7",-0.29000000000000004
how awesome is that,1,positive,"1.0",1.0
i will be back many times soon,1,neutral,"0.25",0.009999999999999998
the menu had so much good stuff on it i could not decide,1,positive,"0.7",0.97
worse of all he humiliated his worker right in front of mebunch of horrible name callings,0,negative,"-0.37142857142857144",-1.0
conclusion very filling meals,1,positive,"0.2",0.77
their daily specials are always a hit with my group,1,positive,"0.0",0.98
and then tragedy struck,0,negative,"0.0",-0.95
the pancake was also really good and pretty large at that,1,positive,"0.38809523809523805",1.0
this was my first crawfish experience and it was delicious,1,positive,"0.625",1.0
their monster chicken fried steak and eggs is my all time favorite,1,positive,"-0.04999999999999999",1.0
waitress was sweet and funny,1,positive,"0.3",1.0
i also had to taste my moms multigrain pumpkin pancakes with pecan butter and they were amazing fluffy and delicious,1,positive,"0.46666666666666673",1.0
id rather eat airline food seriously,0,negative,"-0.3333333333333333",-0.45
cant say enough good things about this place,1,positive,"0.35",0.51
the ambiance was incredible,1,positive,"0.9",1.0
the waitress and manager are so friendly,1,positive,"0.375",0.97
i would not recommend this place,0,negative,"0.0",-1.0
overall i wasnt very impressed with noca,0,negative,"0.5",-0.98
my gyro was basically lettuce only,0,neutral,"0.0",-0.019999999999999997
terrible service,0,negative,"-1.0",-1.0
thoroughly disappointed,0,negative,"-0.75",-1.0
i dont each much pasta but i love the homemade hand made pastas and thin pizzas here,1,positive,"0.09999999999999998",1.0
give it a try you will be happy you did,1,positive,"0.8",0.99
by far the best cheesecurds we have ever had,1,positive,"0.55",1.0
reasonably priced also,1,positive,"0.2",0.98
everything was perfect the night we were in,1,positive,"1.0",1.0
the food is very good for your typical bar food,1,positive,"0.37166666666666665",1.0
it was a drive to get there,0,neutral,"0.0",0.05
at first glance it is a lovely bakery cafe nice ambiance clean friendly staff,1,positive,"0.41833333333333333",1.0
anyway i do not think i will go back there,0,neutral,"0.0",-0.29
point your finger at any item on the menu order it and you wont be disappointed,1,positive,"-0.75",0.94
oh this is such a thing of beauty this restaurant,1,positive,"0.0",1.0
if you havent gone here go now,1,neutral,"0.0",-0.07
a greasy unhealthy meal,0,negative,"-0.4",-0.98
first time there and might just be the last,0,neutral,"0.125",-0.020000000000000004
those burgers were amazing,1,positive,"0.6000000000000001",1.0
similarly the delivery man did not say a word of apology when our food was minutes late,0,negative,"-0.15",-0.99
and it was way to expensive,0,negative,"-0.5",-0.99
be sure to order dessert even if you need to pack it togo the tiramisu and cannoli are both to die for,1,negative,"0.5",-0.94
this was my first time and i cant wait until the next,1,positive,"0.125",0.7799999999999999
the bartender was also nice,1,positive,"0.6",0.98
everything was good and tasty,1,positive,"0.7",1.0
this place is two thumbs upway up,1,neutral,"0.0",0.049999999999999996
the best place in vegas for breakfast just check out a sat or sun,1,positive,"1.0",1.0
if you love authentic mexican food and want a whole bunch of interesting yet delicious meats to choose from you need to try this place,1,positive,"0.45",1.0
terrible management,0,negative,"-1.0",-0.99
an excellent new restaurant by an experienced frenchman,1,positive,"0.6454545454545454",1.0
if there were zero stars i would give it zero stars,0,negative,"0.0",-1.0
great steak great sides great wine amazing desserts,1,positive,"0.7500000000000001",1.0
worst martini ever,0,negative,"-1.0",-1.0
the steak and the shrimp are in my opinion the best entrees at gc,1,positive,"1.0",1.0
i had the opportunity today to sample your amazing pizzas,1,positive,"0.6000000000000001",0.99
we waited for thirty minutes to be seated although there were vacant tables and we were the only folks waiting,0,neutral,"0.0",-0.14
the yellowtail carpaccio was melt in your mouth fresh,1,negative,"0.3",-0.17
i wont try going back there even if its empty,0,negative,"-0.05",-0.7
no im going to eat the potato that i found some strangers hair in it,0,neutral,"0.0",-0.36
just spicy enough perfect actually,1,positive,"0.3333333333333333",1.0
last night was my second time dining here and i was so happy i decided to go back,1,positive,"0.2",1.0
not even a hello we will be right with you,0,neutral,"0.2857142857142857",-0.05000000000000002
the desserts were a bit strange,0,negative,"-0.05",-0.92
my boyfriend and i came here for the first time on a recent trip to vegas and could not have been more pleased with the quality of food and service,1,positive,"0.3125",0.98
i really do recommend this place you can go wrong with this donut place,1,positive,"-0.15",0.98
nice ambiance,1,positive,"0.6",1.0
i would recommend saving room for this,1,positive,"0.0",0.98
i guess maybe we went on an off night but it was disgraceful,0,negative,"0.0",-0.99
however my recent experience at this particular location was not so good,0,negative,"0.28888888888888886",-1.0
i know this is not like the other restaurants at all something is very off here,0,negative,"0.037500000000000006",-0.66
avoid this establishment,0,negative,"0.0",-0.97
i think this restaurant suffers from not trying hard enough,0,negative,"-0.2972222222222222",-0.98
all of the tapas dishes were delicious,1,positive,"1.0",1.0
i heart this place,1,neutral,"0.0",0.43999999999999995
my salad had a bland vinegrette on the baby greens and hearts of palm,0,negative,"-0.16666666666666666",-0.44
after two i felt disgusting,0,negative,"-1.0",-1.0
a good time,1,positive,"0.7",1.0
i believe that this place is a great stop for those with a huge belly and hankering for sushi,1,positive,"0.6",0.99
generous portions and great taste,1,positive,"0.8",1.0
i will never go back to this place and will never ever recommended this place to anyone,0,negative,"0.0",-1.0
the servers went back and forth several times not even so much as an are you being helped,0,positive,"0.06666666666666667",0.41000000000000003
food was delicious,1,positive,"1.0",1.0
an hour seriously,0,positive,"-0.3333333333333333",0.35
i consider this theft,0,negative,"0.0",-0.78
eew this location needs a complete overhaul,0,neutral,"0.1",0.24000000000000002
we recently witnessed her poor quality of management towards other guests as well,0,negative,"-0.17500000000000002",-1.0
waited and waited and waited,0,positive,"0.0",0.30999999999999994
he also came back to check on us regularly excellent service,1,positive,"0.5",1.0
our server was super nice and checked on us many times,1,positive,"0.4777777777777778",0.99
the pizza tasted old super chewy in not a good way,0,negative,"0.02777777777777779",-1.0
i swung in to give them a try but was deeply disappointed,0,negative,"-0.75",-1.0
service was good and the company was better,1,positive,"0.6",1.0
the staff are also very friendly and efficient,1,positive,"0.48750000000000004",0.99
as for the service im a fan because its quick and youre being served by some nice folks,1,positive,"0.4666666666666667",0.97
boy was that sucker dry,0,negative,"-0.18333333333333332",-0.88
over rated,0,negative,"0.0",-0.88
if you look for authentic thai food go else where,0,positive,"0.5",0.58
their steaks are recommended,1,positive,"0.0",0.88
after i pulled up my car i waited for another minutes before being acknowledged,0,neutral,"0.0",-0.33
great food and great service in a clean and friendly setting,1,positive,"0.5854166666666667",1.0
all in all i can assure you ill be back,1,neutral,"-0.25",0.28
i hate those things as much as cheap quality black olives,0,negative,"-0.18888888888888888",-1.0
my breakfast was perpared great with a beautiful presentation of giant slices of toast lightly dusted with powdered sugar,1,positive,"0.5125",1.0
the kids play area is nasty,0,negative,"-1.0",-1.0
great place fo take out or eat in,1,positive,"0.8",1.0
the waitress was friendly and happy to accomodate for veganveggie options,1,positive,"0.5875",1.0
omg i felt like i had never eaten thai food until this dish,1,negative,"0.0",-0.08000000000000002
it was extremely crumby and pretty tasteless,0,negative,"-0.15833333333333333",-0.99
it was a pale color instead of nice and char and has no flavor,0,negative,"0.195",-0.98
the croutons also taste homemade which is an extra plus,1,positive,"0.0",0.51
i got home to see the driest damn wings ever,0,negative,"0.0",-0.76
itll be a regular stop on my trips to phoenix,1,neutral,"0.0",0.05
i really enjoyed crema caf√© before they expanded i even told friends they had the best breakfast,1,positive,"0.75",1.0
not good for the money,0,negative,"-0.35",-1.0
i miss it and wish they had one in philadelphia,1,positive,"0.0",0.15999999999999998
we got sitting fairly fast but ended up waiting minutes just to place our order another minutes before the food arrived,0,positive,"0.2",0.33
they also have the best cheese crisp in town,1,positive,"0.625",1.0
good value great food great service,1,positive,"0.7666666666666666",1.0
couldnt ask for a more satisfying meal,1,positive,"0.5",0.99
the food is good,1,positive,"0.7",1.0
it was awesome,1,positive,"1.0",1.0
i just wanted to leave,0,neutral,"0.0",-0.09
we made the drive all the way from north scottsdale and i was not one bit disappointed,1,positive,"-0.75",0.9299999999999999
i will not be eating there again,0,negative,"0.0",-0.94
the owners really really need to quit being soooooo cheap let them wrap my freaking sandwich in two papers not one,0,negative,"0.30000000000000004",-0.9199999999999999
i checked out this place a couple years ago and was not impressed,0,negative,"-0.5",-1.0
the chicken i got was definitely reheated and was only ok the wedges were cold and soggy,0,negative,"-0.13999999999999999",-0.82
sorry i will not be getting food from here anytime soon,0,negative,"-0.5",-0.99
an absolute must visit,1,positive,"0.2",1.0
the cow tongue and cheek tacos are amazing,1,positive,"0.2333333333333334",1.0
my friend did not like his bloody mary,0,negative,"-0.8",-0.89
despite how hard i rate businesses its actually rare for me to give a star,0,negative,"0.004166666666666652",-0.54
they really want to make your experience a good one,1,positive,"0.44999999999999996",0.98
i will not return,0,negative,"0.0",-0.86
i had the chicken pho and it tasted very bland,0,negative,"-0.4083333333333333",-0.95
very disappointing,0,negative,"-0.78",-1.0
the grilled chicken was so tender and yellow from the saffron seasoning,1,negative,"-0.3",-0.83
a drive thru means you do not want to wait around for half an hour for your food but somehow when we end up going here they make us wait and wait,0,neutral,"-0.16666666666666666",-0.06
pretty awesome place,1,positive,"0.625",1.0
ambience is perfect,1,positive,"1.0",1.0
best of luck to the rude and noncustomer service focused new management,0,positive,"0.27878787878787875",0.73
any grandmother can make a roasted chicken better than this one,0,positive,"-0.04999999999999999",0.99
i asked multiple times for the wine list and after some time of being ignored i went to the hostess and got one myself,0,negative,"0.0",-0.97
the staff is always super friendly and helpful which is especially cool when you bring two small boys and a baby,1,positive,"0.2895833333333333",1.0
four stars for the food the guy in the blue shirt for his great vibe still letting us in to eat,1,positive,"0.4",1.0
the roast beef sandwich tasted really good,1,positive,"0.7",1.0
same evening him and i are both drastically sick,0,negative,"-0.35714285714285715",-0.92
highquality chicken on the chicken caesar salad,1,positive,"-0.6",0.92
ordered burger rare came in well done,0,positive,"0.3",1.0
we were promptly greeted and seated,1,positive,"0.0",0.75
tried to go here for lunch and it was a madhouse,0,negative,"0.0",-0.96
i was proven dead wrong by this sushi bar not only because the quality is great but the service is fast and the food impeccable,1,positive,"0.17500000000000002",1.0
after waiting an hour and being seated i was not in the greatest of moods,0,negative,"1.0",-0.99
this is a good joint,1,positive,"0.7",1.0
the macarons here are insanely good,1,positive,"0.7",0.98
im not eating here,0,negative,"0.0",-0.78
our waiter was very attentive friendly and informative,1,positive,"0.4475",1.0
maybe if they werent cold they would have been somewhat edible,0,neutral,"-0.6",-0.049999999999999996
this place has a lot of promise but fails to deliver,0,negative,"-0.5",-0.99
very bad experience,0,negative,"-0.9099999999999998",-1.0
what a mistake,0,negative,"0.0",-0.95
food was average at best,0,neutral,"0.425",-0.22000000000000003
great food,1,positive,"0.8",1.0
we wont be going back anytime soon,0,negative,"0.0",-0.66
very very disappointed ordered the big bay plater,0,negative,"-0.48750000000000004",-1.0
great place to relax and have an awesome burger and beer,1,positive,"0.9",1.0
it is perfect for a sitdown family meal or get together with a few friends,1,positive,"0.4",1.0
not much flavor to them and very poorly constructed,0,negative,"-0.31",-1.0
the patio seating was very comfortable,1,positive,"0.52",1.0
the fried rice was dry as well,0,neutral,"-0.06666666666666665",-0.22
hands down my favorite italian restaurant,1,positive,"0.11481481481481481",0.99
that just screams legit in my booksomethats also pretty rare here in vegas,1,positive,"0.275",0.6699999999999999
it was just not a fun experience,1,negative,"-0.15",-0.99
the atmosphere was great with a lovely duo of violinists playing songs we requested,1,positive,"0.65",1.0
i personally love the hummus pita baklava falafels and baba ganoush its amazing what they do with eggplant,1,positive,"0.55",1.0
very convenient since we were staying at the mgm,1,positive,"0.2",0.99
the owners are super friendly and the staff is courteous,1,positive,"0.43611111111111106",0.96
both great,1,positive,"0.8",1.0
eclectic selection,1,positive,"0.0",0.94
the sweet potato tots were good but the onion rings were perfection or as close as i have had,1,positive,"0.5249999999999999",1.0
the staff was very attentive,1,positive,"0.52",0.96
and the chef was generous with his time even came around twice so we can take pictures with him,1,positive,"0.0",0.72
the owner used to work at nobu so this place is really similar for half the price,1,neutral,"-0.08333333333333333",0.12
google mediocre and i imagine smashburger will pop up,0,negative,"-0.5",-0.8
dont go here,0,negative,"0.0",-0.81
i promise they wont disappoint,1,positive,"0.0",0.96
as a sushi lover avoid this place by all means,0,negative,"0.0",-0.8400000000000001
what a great double cheeseburger,1,positive,"0.4",1.0
awesome service and food,1,positive,"1.0",1.0
a fantastic neighborhood gem,1,positive,"0.4",1.0
i cant wait to go back,1,positive,"0.0",0.9
the plantains were the worst ive ever tasted,0,negative,"-1.0",-1.0
its a great place and i highly recommend it,1,positive,"0.48000000000000004",1.0
service was slow and not attentive,0,negative,"-0.25",-1.0
i gave it stars then and im giving it stars now,1,positive,"0.0",0.15999999999999998
your staff spends more time talking to themselves than me,0,negative,"0.5",-0.65
dessert panna cotta was amazing,1,positive,"0.6000000000000001",1.0
very good food great atmosphere,1,positive,"0.855",1.0
damn good steak,1,positive,"0.7",1.0
total brunch fail,0,negative,"-0.25",-0.99
prices are very reasonable flavors are spot on the sauce is home made and the slaw is not drenched in mayo,1,positive,"0.26",1.0
the decor is nice and the piano music soundtrack is pleasant,1,positive,"0.6666666666666667",1.0
the steak was amazingrge fillet relleno was the best seafood plate i have ever had,1,positive,"1.0",1.0
good food good service,1,positive,"0.7",1.0
it was absolutely amazing,1,positive,"0.6000000000000001",1.0
i probably wont be back to be honest,0,negative,"0.3",-0.7899999999999999
will definitely be back,1,neutral,"0.0",0.15
the sergeant pepper beef sandwich with auju sauce is an excellent sandwich as well,1,positive,"1.0",1.0
hawaiian breeze mango magic and pineapple delight are the smoothies that ive tried so far and theyre all good,1,positive,"0.4333333333333333",1.0
went for lunch service was slow,0,negative,"-0.30000000000000004",-0.99
we had so much to say about the place before we walked in that he expected it to be amazing but was quickly disappointed,0,negative,"-0.012499999999999983",-1.0
i was mortified,0,negative,"0.0",-0.97
needless to say we will never be back here again,0,negative,"-0.25",-0.69
anyways the food was definitely not filling at all and for the price you pay you should expect more,0,negative,"0.25",-0.83
the chips that came out were dripping with grease and mostly not edible,0,negative,"-0.25",-0.99
i wasnt really impressed with strip steak,0,negative,"1.0",-1.0
have been going since and every meal has been awesome,1,positive,"1.0",1.0
our server was very nice and attentive as were the other serving staff,1,positive,"0.35166666666666674",1.0
the cashier was friendly and even brought the food out to me,1,positive,"0.375",0.82
i work in the hospitality industry in paradise valley and have refrained from recommending cibo any longer,0,positive,"0.0",0.6900000000000001
the atmosphere here is fun,1,positive,"0.3",1.0
would not recommend to others,0,negative,"0.0",-1.0
service is quick and even to go orders are just like we like it,1,positive,"0.3333333333333333",1.0
i mean really how do you get so famous for your fish and chips when its so terrible,0,negative,"-0.153125",-0.96
that said our mouths and bellies were still quite pleased,1,positive,"0.5",0.97
not my thing,0,negative,"0.0",-0.83
thumbs up,1,positive,"0.0",0.57
if you are reading this please dont go there,0,negative,"0.0",-0.84
i loved the grilled pizza reminded me of legit italian pizza,1,positive,"0.35",1.0
only pros large seating area nice bar area great simple drink menu the best brick oven pizza with homemade dough,1,positive,"0.4357142857142857",0.99
they have a really nice atmosphere,1,positive,"0.6",1.0
tonight i had the elk filet specialand it sucked,0,negative,"0.0",-0.96
after one bite i was hooked,1,neutral,"0.0",-0.12
we ordered some old classics and some new dishes after going there a few times and were sorely disappointed with everything,0,negative,"-0.1784090909090909",-1.0
cute quaint simple honest,1,positive,"0.3666666666666667",1.0
the chicken was deliciously seasoned and had the perfect fry on the outside and moist chicken on the inside,1,positive,"0.010000000000000009",1.0
the food was great as always compliments to the chef,1,positive,"0.8",1.0
special thanks to dylan t for the recommendation on what to order all yummy for my tummy,1,positive,"0.2785714285714286",1.0
awesome selection of beer,1,positive,"1.0",1.0
great food and awesome service,1,positive,"0.9",1.0
one nice thing was that they added gratuity on the bill since our party was larger than or and they didnt expect more tip than that,1,positive,"0.3666666666666667",0.78
a fly was in my apple juice a fly,0,neutral,"0.8",-0.2
the han nan chicken was also very tasty,1,positive,"-0.19999999999999998",1.0
as for the service i thought it was good,1,positive,"0.7",0.97
the food was barely lukewarm so it must have been sitting waiting for the server to bring it out to us,0,negative,"0.05",-0.92
ryans bar is definitely one edinburgh establishment i wont be revisiting,0,neutral,"0.0",-0.019999999999999962
nicest chinese restaurant ive been in a while,1,positive,"0.0",1.0
overall i like there food and the service,1,positive,"0.0",1.0
they also now serve indian naan bread with hummus and some spicy pine nut sauce that was out of this world,1,neutral,"0.0",-0.019999999999999997
probably never coming back and wouldnt recommend it,0,negative,"0.0",-1.0
friends pasta also bad he barely touched it,0,negative,"-0.3249999999999999",-0.99
try them in the airport to experience some tasty food and speedy friendly service,1,positive,"0.375",0.98
i love the decor with the chinese calligraphy wall paper,1,positive,"0.25",1.0
never had anything to complain about here,1,positive,"0.0",0.16000000000000003
the restaurant is very clean and has a family restaurant feel to it,1,positive,"0.47666666666666674",0.96
it was way over fried,0,negative,"0.0",-0.83
im not sure how long we stood there but it was long enough for me to begin to feel awkwardly out of place,0,negative,"-0.19",-1.0
when i opened the sandwich i was impressed but not in a good way,0,negative,"0.85",-0.96
will not be back,0,negative,"0.0",-0.8
there was a warm feeling with the service and i felt like their guest for a special treat,1,positive,"0.47857142857142854",0.99
an extensive menu provides lots of options for breakfast,1,neutral,"0.0",0.02
i always order from the vegetarian menu during dinner which has a wide array of options to choose from,1,neutral,"-0.1",0.0
i have watched their prices inflate portions get smaller and management attitudes grow rapidly,0,neutral,"0.0",-0.08000000000000002
wonderful lil tapas and the ambience made me feel all warm and fuzzy inside,1,positive,"0.8",1.0
i got to enjoy the seafood salad with a fabulous vinegrette,1,positive,"0.4",1.0
the wontons were thin not thick and chewy almost melt in your mouth,1,negative,"-0.125",-0.99
level spicy was perfect where spice didnt overwhelm the soup,1,positive,"1.0",1.0
we were sat right on time and our server from the get go was fantastic,1,positive,"0.34285714285714286",1.0
main thing i didnt enjoy is that the crowd is of older crowd around mid s and up,0,negative,"0.18333333333333332",-0.99
when im on this side of town this will definitely be a spot ill hit up again,1,neutral,"-0.25",0.3
i had to wait over minutes to get my drink and longer to get arepas,0,negative,"0.0",-0.52
this is a great place to eat,1,positive,"0.8",1.0
the jalapeno bacon is soooo good,1,positive,"0.7",1.0
the service was poor and thats being nice,0,negative,"0.09999999999999998",-0.98
food was good service was good prices were good,1,positive,"0.6999999999999998",1.0
the place was not clean and the food oh so stale,0,negative,"-0.3416666666666667",-1.0
the chicken dishes are ok the beef is like shoe leather,0,neutral,"-0.04999999999999999",0.010000000000000002
but the service was beyond bad,0,negative,"-0.6999999999999998",-1.0
im so happy to be here,1,positive,"0.8",1.0
tasted like dirt,0,negative,"0.0",-0.19
one of the few places in phoenix that i would definately go back to again,1,neutral,"-0.1",0.13
the block was amazing,1,positive,"0.6000000000000001",1.0
its close to my house its lowkey nonfancy affordable prices good food,1,positive,"0.7",1.0
both the hot sour the egg flower soups were absolutely stars,1,positive,"0.09999999999999999",0.64
my sashimi was poor quality being soggy and tasteless,0,negative,"-0.5",-1.0
great time family dinner on a sunday night,1,positive,"0.8",1.0
the food is not tasty at all not to say its real traditional hunan style,0,negative,"0.0",-1.0
what did bother me was the slow service,0,negative,"-0.30000000000000004",-1.0
the flair bartenders are absolutely amazing,1,positive,"0.6000000000000001",1.0
their frozen margaritas are way too sugary for my taste,0,negative,"0.0",-0.94
these were so good we ordered them twice,1,positive,"0.7",1.0
so in a nutshell the restaraunt smells like a combination of a dirty fish market and a sewer,0,negative,"-0.6",-1.0
my girlfriends veal was very bad,0,negative,"-0.9099999999999998",-0.98
unfortunately it was not good,0,negative,"-0.425",-1.0
i had a pretty satifying experience,1,positive,"0.25",0.3
join the club and get awesome offers via email,1,positive,"0.55",0.97
perfect for someone me who only likes beer ice cold or in this case even colder,1,positive,"0.13333333333333333",1.0
bland and flavorless is a good way of describing the barely tepid meat,0,positive,"0.19444444444444445",0.56
the chains which im no fan of beat this place easily,0,positive,"0.43333333333333335",0.050000000000000044
the nachos are a must have,1,positive,"0.0",0.98
we will not be coming back,0,negative,"0.0",-0.55
i dont have very many words to say about this place but it does everything pretty well,1,positive,"0.45",1.0
the staff is super nice and very quick even with the crazy crowds of the downtown juries lawyers and court staff,1,positive,"0.19166666666666668",1.0
great atmosphere friendly and fast service,1,positive,"0.4583333333333333",1.0
when i received my pita it was huge it did have a lot of meat in it so thumbs up there,1,neutral,"0.39999999999999997",-0.04000000000000001
once your food arrives its meh,0,neutral,"0.0",-0.060000000000000005
paying for a hot dog and fries that looks like it came out of a kids meal at the wienerschnitzel is not my idea of a good meal,0,negative,"0.475",-0.96
the classic maine lobster roll was fantastic,1,positive,"0.2833333333333333",1.0
my brother in law who works at the mall ate here same day and guess what he was sick all night too,0,neutral,"-0.35714285714285715",-0.26999999999999996
so good i am going to have to review this place twice once hereas a tribute to the place and once as a tribute to an event held here last night,1,positive,"0.35",0.99
the chips and salsa were really good the salsa was very fresh,1,positive,"0.5449999999999999",1.0
this place is great,1,positive,"0.8",1.0
mediocre food,0,negative,"-0.5",-1.0
once you get inside youll be impressed with the place,1,positive,"1.0",0.98
im super pissd,0,negative,"0.3333333333333333",-0.10000000000000003
and service was super friendly,1,positive,"0.35416666666666663",0.99
why are these sad little vegetables so overcooked,0,negative,"-0.34375",-1.0
this place was such a nice surprise,1,positive,"0.3",1.0
they were goldencrispy and delicious,1,positive,"1.0",1.0
i had high hopes for this place since the burgers are cooked over a charcoal grill but unfortunately the taste fell flat way flat,0,negative,"-0.0975",-1.0
i could eat their bruschetta all day it is devine,1,neutral,"0.0",0.16
not a single employee came out to see if we were ok or even needed a water refill once they finally served us our food,0,negative,"0.17857142857142858",-0.62
lastly the mozzarella sticks they were the best thing we ordered,1,positive,"0.5",1.0
the first time i ever came here i had an amazing experience i still tell people how awesome the duck was,1,positive,"0.6166666666666667",1.0
the server was very negligent of our needs and made us feel very unwelcome i would not suggest this place,0,negative,"0.2",-1.0
the service was terrible though,0,negative,"-1.0",-1.0
this place is overpriced not consistent with their boba and it really is overpriced,0,negative,"0.037500000000000006",-1.0
it was packed,0,neutral,"0.0",-0.18000000000000002
i can say that the desserts were yummy,1,positive,"0.0",0.99
the seasonal fruit was fresh white peach puree,1,positive,"0.15",0.64
it kept getting worse and worse so now im officially done,0,negative,"-0.4",-1.0
this place should honestly be blown up,0,positive,"0.6",0.020000000000000018
but i definitely would not eat here again,0,negative,"0.0",-0.94
do not waste your money here,0,negative,"0.1",-0.18999999999999995
i love that they put their food in nice plastic containers as opposed to cramming it in little paper takeout boxes,1,positive,"0.3041666666666667",1.0
the cr√™pe was delicate and thin and moist,1,positive,"-0.35",0.62
awful service,0,negative,"-1.0",-0.98
wont ever go here again,0,negative,"0.0",-0.86
food quality has been horrible,0,negative,"-1.0",-1.0
for that price i can think of a few place i would have much rather gone,0,neutral,"0.0",-0.019999999999999997
the service here is fair at best,0,positive,"0.85",0.99
i do love sushi but i found kabuki to be overpriced overhip and underservices,0,negative,"0.5",-0.020000000000000018
do yourself a favor and stay away from this dish,0,positive,"0.0",0.47
very poor service,0,negative,"-0.52",-1.0
no one at the table thought the food was above average or worth the wait that we had for it,0,positive,"0.049999999999999996",0.36
best service and food ever maria our server was so good and friendly she made our day,1,positive,"0.6916666666666668",1.0
they were excellent,1,positive,"1.0",1.0
i paid the bill but did not tip because i felt the server did a terrible job,0,negative,"-1.0",-1.0
just had lunch here and had a great experience,1,positive,"0.8",1.0
i have never had such bland food which surprised me considering the article we read focused so much on their spices and flavor,0,negative,"0.03333333333333334",-0.85
food is way overpriced and portions are fucking small,0,negative,"-0.25",-1.0
i recently tried caballeros and i have been back every week since,1,neutral,"0.0",0.0
for bucks a head i really expect better food,0,positive,"0.35",0.88
the food came out at a good pace,1,positive,"0.7",1.0
i ate there twice on my last visit and especially enjoyed the salmon salad,1,positive,"0.5",1.0
we could not believe how dirty the oysters were,0,negative,"-0.6",-1.0
this place deserves no stars,0,negative,"0.0",-0.98
in fact im going to round up to stars just because she was so awesome,1,positive,"0.4",0.99
to my disbelief each dish qualified as the worst version of these foods i have ever tasted,0,negative,"-1.0",-1.0
bad day or not i have a very low tolerance for rude customer service people it is your job to be nice and polite wash dishes otherwise,0,negative,"-0.09999999999999995",-0.88
the potatoes were great and so was the biscuit,1,positive,"0.8",1.0
i probably would not go here again,0,negative,"0.0",-0.69
so flavorful and has just the perfect amount of heat,1,positive,"1.0",1.0
the price is reasonable and the service is great,1,positive,"0.5",1.0
the wife hated her meal coconut shrimp and our friends really did not enjoy their meals either,0,negative,"-0.3",-1.0
my fella got the huevos rancheros and they didnt look too appealing,0,negative,"0.5",-0.7200000000000001
went in for happy hour great list of wines,1,positive,"0.8",1.0
some may say this buffet is pricey but i think you get what you pay for and this place you are getting quite a lot,1,negative,"0.0",-0.64
i probably wont be coming back here,0,neutral,"0.0",-0.39
worst foodservice ive had in a while,0,negative,"-1.0",-1.0
this place is pretty good nice little vibe in the restaurant,1,positive,"0.34062499999999996",1.0
talk about great customer service of course we will be back,1,positive,"0.4",1.0
hot dishes are not hot cold dishes are close to room tempi watched staff prepare food with bare hands no gloveseverything is deep fried in oil,0,negative,"-0.08499999999999999",-0.71
i love their fries and their beans,1,positive,"0.5",1.0
always a pleasure dealing with him,1,positive,"0.0",1.0
they have a plethora of salads and sandwiches and everything ive tried gets my seal of approval,1,neutral,"0.0",0.24000000000000002
this place is awesome if you want something light and healthy during the summer,1,positive,"0.6333333333333333",1.0
for sushi on the strip this is the place to go,1,positive,"0.0",0.64
the service was great even the manager came and helped with our table,1,positive,"0.8",1.0
the feel of the dining room was more college cooking course than high class dining and the service was slow at best,0,negative,"0.33999999999999997",-1.0
i started this review with two stars but im editing it to give it only one,0,negative,"0.0",-0.95
this is the worst sushi i have ever eat besides costcos,0,negative,"-1.0",-1.0
all in all an excellent restaurant highlighted by great service a unique menu and a beautiful setting,1,positive,"0.75625",1.0
my boyfriend and i sat at the bar and had a completely delightful experience,1,positive,"1.0",1.0
weird vibe from owners,0,negative,"-0.5",-0.95
there was hardly any meat,0,negative,"-0.2916666666666667",-0.58
ive had better bagels from the grocery store,0,positive,"0.5",0.98
go to place for gyros,1,neutral,"0.0",0.08
i love the ownerchef his one authentic japanese cool dude,1,positive,"0.3375",1.0
now the burgers arent as good the pizza which used to be amazing is doughy and flavorless,0,positive,"0.65",0.06000000000000005
i found a six inch long piece of wire in my salsa,0,neutral,"-0.05",0.019999999999999997
the service was terrible food was mediocre,0,negative,"-0.75",-1.0
we definately enjoyed ourselves,1,positive,"0.5",0.99
i ordered albondigas soup which was just warm and tasted like tomato soup with frozen meatballs,0,neutral,"0.6",0.04000000000000001
on three different occasions i asked for well done or medium well and all three times i got the bloodiest piece of meat on my plate,0,negative,"0.0",-0.98
i had about two bites and refused to eat anymore,0,negative,"0.0",-0.98
the service was extremely slow,0,negative,"-0.30000000000000004",-1.0
after minutes wait i got a table,0,neutral,"0.0",-0.16999999999999998
seriously killer hot chai latte,1,negative,"-0.04166666666666666",-0.9299999999999999
no allergy warnings on the menu and the waitress had absolutely no clue as to which meals did or did not contain peanuts,0,negative,"-0.1",-0.51
my boyfriend tried the mediterranean chicken salad and fell in love,1,positive,"-0.04999999999999999",0.99
their rotating beers on tap is also a highlight of this place,1,neutral,"0.0",0.45999999999999996
pricing is a bit of a concern at mellow mushroom,0,negative,"0.0",-0.87
worst thai ever,0,negative,"-1.0",-1.0
if you stay in vegas you must get breakfast here at least once,1,neutral,"-0.3",0.02
i want to first say our server was great and we had perfect service,1,positive,"0.6833333333333332",1.0
the pizza selections are good,1,positive,"0.7",1.0
i had strawberry tea which was good,1,positive,"0.7",1.0
highly unprofessional and rude to a loyal patron,0,negative,"0.06444444444444444",-1.0
overall a great experience,1,positive,"0.4",1.0
spend your money elsewhere,0,neutral,"0.0",-0.18
their regular toasted bread was equally satisfying with the occasional pats of butter mmmm,1,positive,"0.16666666666666666",0.94
the buffet at bellagio was far from what i anticipated,0,negative,"0.1",-0.96
and the drinks are weak people,0,negative,"-0.375",-0.87
my order was not correct,0,negative,"0.0",-1.0
also i feel like the chips are bought not made in house,0,negative,"0.0",-0.93
after the disappointing dinner we went elsewhere for dessert,0,negative,"-0.6",-1.0
the chips and sals a here is amazing,1,positive,"0.6000000000000001",1.0
we wont be returning,0,negative,"0.0",-0.52
this is my new fav vegas buffet spot,1,positive,"0.13636363636363635",0.99
i seriously cannot believe that the owner has so many unexperienced employees that all are running around like chickens with their heads cut off,0,negative,"0.08333333333333334",-0.88
very very sad,0,negative,"-0.65",-1.0
i felt insulted and disrespected how could you talk and judge another human being like that,0,negative,"0.0",-1.0
how can you call yourself a steakhouse if you cant properly cook a steak i dont understand,0,negative,"0.0",-0.88
im not impressed with the concept or the food,0,negative,"-0.5",-1.0
the only thing i wasnt too crazy about was their guacamole as i dont like it pur√©ed,0,negative,"-0.3",-0.88
there is really nothing for me at postinos hope your experience is better,0,positive,"0.35",0.81
i got food poisoning here at the buffet,0,negative,"0.0",-0.96
they brought a fresh batch of fries and i was thinking yay something warm but no,0,neutral,"0.44999999999999996",-0.15
what should have been a hilarious yummy christmas eve dinner to remember was the biggest fail of the entire trip for us,0,positive,"0.0",0.13000000000000006
needless to say i wont be going back anytime soon,0,negative,"-0.25",-0.44
this place is disgusting,0,negative,"-1.0",-1.0
every time i eat here i see caring teamwork to a professional degree,1,positive,"0.1",0.91
the ri style calamari was a joke,0,positive,"0.0",0.5599999999999999
however there was so much garlic in the fondue it was barely edible,0,negative,"0.125",-0.96
i could barely stomach the meal but didnt complain because it was a business lunch,0,negative,"0.05",-0.07
it was so bad i had lost the heart to finish it,0,negative,"-0.6999999999999998",-1.0
it also took her forever to bring us the check when we asked for it,0,negative,"0.0",-0.81
we arent ones to make a scene at restaurants but i just dont get itdefinitely lost the love after this one,0,negative,"0.5",-0.6100000000000001
disappointing experience,0,negative,"-0.6",-1.0
the food is about on par with dennys which is to say not good at all,0,negative,"-0.35",-1.0
if you want to wait for mediocre food and downright terrible service then this is the place for you,0,negative,"-0.75",-0.99
waaaaaayyyyyyyyyy over rated is all i am saying,0,negative,"0.0",-0.04999999999999999
we wont be going back,0,neutral,"0.0",-0.47
the place was fairly clean but the food simply wasnt worth it,0,negative,"0.22222222222222224",-1.0
this place lacked style,0,negative,"0.0",-0.94
the sangria was about half of a glass wine full and was ridiculous,0,negative,"-0.049999999999999996",-1.0
dont bother coming here,0,positive,"0.0",0.08999999999999997
the meat was pretty dry i had the sliced brisket and pulled pork,0,positive,"0.09166666666666667",0.030000000000000027
the building itself seems pretty neat the bathroom is pretty trippy but i wouldnt eat here again,0,positive,"0.25",0.6100000000000001
it was equally awful,0,negative,"-1.0",-1.0
probably not in a hurry to go back,0,positive,"0.0",0.3
very slow at seating even with reservation,0,negative,"-0.39000000000000007",-1.0
not good by any stretch of the imagination,0,negative,"-0.35",-1.0
the cashew cream sauce was bland and the vegetables were undercooked,0,negative,"-0.16666666666666666",-1.0
the chipolte ranch dipping sause was tasteless seemed thin and watered down with no heat,0,negative,"-0.38518518518518513",-1.0
it was a bit too sweet not really spicy enough and lacked flavor,0,negative,"0.08333333333333333",-1.0
i was very disappointed,0,negative,"-0.9750000000000001",-1.0
this place is horrible and way overpriced,0,negative,"-1.0",-1.0
maybe its just their vegetarian fare but ive been twice and i thought it was average at best,0,neutral,"0.425",-0.019999999999999997
it wasnt busy at all and now we know why,0,negative,"0.1",-0.56
the tables outside are also dirty a lot of the time and the workers are not always friendly and helpful with the menu,0,negative,"-0.075",-1.0
the ambiance here did not feel like a buffet setting but more of a douchey indoor garden for tea and biscuits,0,negative,"0.5",-0.99
con spotty service,0,positive,"0.0",0.24
the fries were not hot and neither was my burger,0,negative,"-0.125",-0.95
but then they came back cold,0,neutral,"-0.3",-0.05
then our food came out disappointment ensued,0,negative,"-0.6",-1.0
the real disappointment was our waiter,0,negative,"-0.8999999999999999",-1.0
my husband said she was very rude did not even apologize for the bad food or anything,0,negative,"-0.5449999999999999",-0.99
the only reason to eat here would be to fill up before a night of binge drinking just to get some carbs in your stomach,0,neutral,"0.0",-0.12000000000000001
insults profound deuchebaggery and had to go outside for a smoke break while serving just to solidify it,0,negative,"0.041666666666666664",-0.97
if someone orders two tacos dont you think it may be part of customer service to ask if it is combo or ala cart,0,neutral,"0.0",-0.01
she was quite disappointed although some blame needs to be placed at her door,0,negative,"-0.75",-1.0
after all the rave reviews i couldnt wait to eat herewhat a disappointment,0,negative,"-0.6",-0.98
del taco is pretty nasty and should be avoided if possible,0,negative,"-0.25",-1.0
its not hard to make a decent hamburger,0,positive,"0.15625",0.95
but i dont like it,0,negative,"0.0",-0.95
hell no will i go back,0,negative,"0.0",-0.78
weve have gotten a much better service from the pizza place next door than the services we received from this restaurant,0,positive,"0.25",0.98
i dont know what the big deal is about this place but i wont be back yaall,0,negative,"0.0",-0.77
i immediately said i wanted to talk to the manager but i did not want to talk to the guy who was doing shots of fireball behind the bar,0,negative,"-0.4",-0.69
the ambiance isnt much better,0,negative,"0.5",-0.97
unfortunately it only set us up for disapppointment with our entrees,0,negative,"0.0",-0.98
the food wasnt good,0,negative,"0.7",-1.0
your servers suck wait correction our server heimer sucked,0,negative,"0.0",-0.95
what happened next was prettyoff putting,0,neutral,"0.0",-0.22999999999999998
too bad cause i know its family owned i really wanted to like this place,0,negative,"-0.24999999999999992",-0.81
overpriced for what you are getting,0,negative,"0.0",-1.0
i vomited in the bathroom mid lunch,0,negative,"0.0",-0.97
i kept looking at the time and it had soon become minutes yet still no food,0,negative,"0.0",-0.84
i have been to very few places to eat that under no circumstances would i ever return to and this tops the list,0,positive,"-0.26",0.7799999999999999
we started with the tuna sashimi which was brownish in color and obviously wasnt fresh,0,negative,"0.15",-0.99
food was below average,0,negative,"-0.15",-0.93
it sure does beat the nachos at the movies but i would expect a little bit more coming from a restaurant,0,positive,"0.2708333333333333",0.5900000000000001
all in all ha long bay was a bit of a flop,0,negative,"-0.05",-0.95
the problem i have is that they charge for a sandwich that is no bigger than a subway sub which offers better and more amount of vegetables,0,negative,"0.275",-0.9199999999999999
shrimp when i unwrapped it i live only a mile from brushfire it was literally ice cold,0,neutral,"-0.15454545454545454",-0.29000000000000004
it lacked flavor seemed undercooked and dry,0,negative,"-0.06666666666666665",-1.0
it really is impressive that the place hasnt closed down,0,positive,"0.24814814814814815",0.99
i would avoid this place if you are staying in the mirage,0,negative,"0.0",-0.9299999999999999
the refried beans that came with my meal were dried out and crusty and the food was bland,0,negative,"-0.18333333333333335",-1.0
spend your money and time some place else,0,neutral,"0.0",-0.06
a lady at the table next to us found a live green caterpillar in her salad,0,neutral,"-0.02121212121212122",0.04
the presentation of the food was awful,0,negative,"-1.0",-1.0
i cant tell you how disappointed i was,0,negative,"-0.75",-1.0
i think food should have flavor and texture and both were lacking,0,negative,"0.0",-1.0
appetite instantly gone,0,negative,"0.0",-0.47
overall i was not impressed and would not go back,0,negative,"-0.16666666666666666",-1.0
the whole experience was underwhelming and i think well just go to ninja sushi next time,0,negative,"0.1",-0.89
then as if i hadnt wasted enough of my life there they poured salt in the wound by drawing out the time it took to bring the check,0,negative,"-0.1",-0.96
